<application>
  <component name="FileTypeManager" version="18">
    <extensionMap>
      <mapping pattern=".prettierignore" type="GitIgnore file" />
      <mapping pattern=".huskyrc" type="IgnoreLang file" />
      <mapping pattern=".env.local" type="PLAIN_TEXT" />
      <mapping pattern=".env" type="PLAIN_TEXT" />
      <mapping pattern=".browserslistrc" type="PLAIN_TEXT" />
      <mapping pattern=".env.production" type="PLAIN_TEXT" />
      <mapping pattern=".prod" type="PLAIN_TEXT" />
      <mapping pattern=".fat" type="PLAIN_TEXT" />
      <mapping pattern=".env.fat" type="PLAIN_TEXT" />
      <mapping ext="text" type="PLAIN_TEXT" />
      <mapping ext="xwml" type="PLAIN_TEXT" />
      <removed_mapping ext="wxml" approved="true" type="Vue.js" />
    </extensionMap>
  </component>
</application>