<keymap version="1" name="macOS 复制" parent="Mac OS X 10.5+">
  <action id="ActivateProjectToolWindow">
    <keyboard-shortcut first-keystroke="meta 1" />
    <keyboard-shortcut first-keystroke="shift ctrl meta z" />
  </action>
  <action id="ActivateStructureToolWindow">
    <keyboard-shortcut first-keystroke="meta 7" />
    <keyboard-shortcut first-keystroke="shift ctrl meta x" />
  </action>
  <action id="Back">
    <keyboard-shortcut first-keystroke="ctrl meta left" />
  </action>
  <action id="ChooseDebugConfiguration" />
  <action id="ChooseRunConfiguration" />
  <action id="CollapseAllRegions">
    <keyboard-shortcut first-keystroke="shift ctrl meta open_bracket" />
  </action>
  <action id="CollapseRegion" />
  <action id="CollapseRegionRecursively">
    <keyboard-shortcut first-keystroke="ctrl meta open_bracket" />
  </action>
  <action id="CompareTwoFiles">
    <keyboard-shortcut first-keystroke="shift ctrl meta m" />
  </action>
  <action id="CopyElement" />
  <action id="Debug" />
  <action id="DebugClass" />
  <action id="EditorBackSpace">
    <keyboard-shortcut first-keystroke="back_space" />
  </action>
  <action id="EditorDeleteLine">
    <keyboard-shortcut first-keystroke="meta back_space" />
    <keyboard-shortcut first-keystroke="ctrl x" />
  </action>
  <action id="EditorDuplicate">
    <keyboard-shortcut first-keystroke="ctrl d" />
  </action>
  <action id="EditorJoinLines" />
  <action id="EditorLineEnd">
    <keyboard-shortcut first-keystroke="end" />
    <keyboard-shortcut first-keystroke="meta right" />
  </action>
  <action id="EditorPasteFromX11" />
  <action id="EditorSelectWord">
    <keyboard-shortcut first-keystroke="alt up" />
    <keyboard-shortcut first-keystroke="ctrl e" />
  </action>
  <action id="ExpandAllRegions">
    <keyboard-shortcut first-keystroke="shift ctrl meta close_bracket" />
  </action>
  <action id="ExpandRegion">
    <keyboard-shortcut first-keystroke="ctrl meta close_bracket" />
  </action>
  <action id="ExternalJavaDoc" />
  <action id="FileStructurePopup">
    <keyboard-shortcut first-keystroke="meta f12" />
    <keyboard-shortcut first-keystroke="shift ctrl meta g" />
  </action>
  <action id="FindNext">
    <keyboard-shortcut first-keystroke="f3" />
  </action>
  <action id="FindPrevious">
    <keyboard-shortcut first-keystroke="shift f3" />
  </action>
  <action id="ForceRunToCursor" />
  <action id="Forward">
    <keyboard-shortcut first-keystroke="ctrl meta right" />
  </action>
  <action id="Git.Merge">
    <keyboard-shortcut first-keystroke="shift meta 9" />
  </action>
  <action id="GotoBookmark0" />
  <action id="GotoBookmark1" />
  <action id="GotoBookmark2" />
  <action id="GotoBookmark3" />
  <action id="GotoBookmark4" />
  <action id="GotoBookmark5" />
  <action id="GotoBookmark6" />
  <action id="GotoBookmark7" />
  <action id="GotoBookmark8" />
  <action id="GotoBookmark9" />
  <action id="GotoLine">
    <keyboard-shortcut first-keystroke="meta g" />
  </action>
  <action id="GotoNextBookmark">
    <keyboard-shortcut first-keystroke="shift f1" />
  </action>
  <action id="Graph.ApplyCurrentLayout" />
  <action id="MoveElementLeft" />
  <action id="MoveElementRight" />
  <action id="MoveStatementDown" />
  <action id="MoveStatementUp" />
  <action id="NavBar-selectEnd">
    <keyboard-shortcut first-keystroke="end" />
    <keyboard-shortcut first-keystroke="meta right" />
  </action>
  <action id="QuickChangeScheme" />
  <action id="QuickJavaDoc">
    <keyboard-shortcut first-keystroke="ctrl j" />
  </action>
  <action id="ReformatCode" />
  <action id="ReformatWithPrettierAction">
    <keyboard-shortcut first-keystroke="shift ctrl meta p" />
  </action>
  <action id="RenameFile">
    <keyboard-shortcut first-keystroke="shift meta f6" />
  </action>
  <action id="RevealIn">
    <keyboard-shortcut first-keystroke="shift ctrl meta o" />
  </action>
  <action id="Run" />
  <action id="RunClass" />
  <action id="RunInspection" />
  <action id="RunJsbtTask" />
  <action id="RunToCursor" />
  <action id="SaveAll">
    <keyboard-shortcut first-keystroke="ctrl meta s" />
  </action>
  <action id="SelectIn">
    <keyboard-shortcut first-keystroke="alt f1" />
    <keyboard-shortcut first-keystroke="f5" />
  </action>
  <action id="ShowBookmarks" />
  <action id="ShowReformatFileDialog">
    <keyboard-shortcut first-keystroke="shift ctrl meta l" />
  </action>
  <action id="SplitVertically">
    <keyboard-shortcut first-keystroke="shift ctrl meta r" />
  </action>
  <action id="SwitchCoverage" />
  <action id="ToggleBookmark">
    <keyboard-shortcut first-keystroke="f1" />
  </action>
  <action id="ToggleBookmark0" />
  <action id="ToggleBookmark1" />
  <action id="ToggleBookmark2" />
  <action id="ToggleBookmark3" />
  <action id="ToggleBookmark4" />
  <action id="ToggleBookmark5" />
  <action id="ToggleBookmark6" />
  <action id="ToggleBookmark7" />
  <action id="ToggleBookmark8" />
  <action id="ToggleBookmark9" />
  <action id="ToggleBookmarkWithMnemonic" />
  <action id="XDebugger.AttachToProcess" />
</keymap>